Adam,Wally
Elijah,Blakley
Herminia,Oliva
Fannie,Eames
Nguyet,Catlett
Phyllis,Biondo
Merideth,Bolanos
Ivan,Davie
Marcy,Hyatt
Renita,Lintz
Sharilyn,Penning
Maryalice,Orosz
Isabella,Twiford
Elene,Bragdon
Sandra,Bakley
Jann,Vancleave
Buena,Delsignore
Jeramy,Rubalcava
Maisie,Munez
Leonardo,Przybyla
Glady,Moler
Elma,Walworth
Lizzie,Sellman
Edna,Burnett
Teri,Bradwell
Domonique,Galasso
Alona,Marr
Antwan,Waltrip
Maye,Schewe
Gwenn,Kohler
Forest,Schlueter
Edmundo,Isenberg
Cuc,Vanarsdale
Beverlee,Lowy
Leann,Tokarski
Ilse,Plamondon
Mara,Shoaf
Wendolyn,Garber
Lasandra,Blalock
Lannie,Verne
Julie,Yarberry
Sheba,Thweatt
Serena,Gutter
Violet,Chilcott
Dayle,Bolden
Melisa,Cosme
Pamela,Pahl
Hae,Penley
Edythe,Towers
Gloria,Hanks
Louanne,Haverly
Tomiko,Larock
Cathleen,Demelo
Gerardo,Fleig
Ria,Letts
Daria,Kuehn
Renee,Sia
Karlene,Babb
Edmundo,Stebbins
Jaleesa,Hagel
Velva,Bolds
Catrice,Haggins
Shonda,Mccandless
Ahmed,Kroner
Donetta,Coghlan
Ted,Steib
Stefania,Zaleski
Rhett,Breuer
Krista,Hackler
Gemma,Bowker
Marlys,Revard
Claudia,Lunn
Rosalva,Talmage
Kevin,Surface
Jeannetta,Loudin
Lidia,Velasco
Nilda,Figgs
Graham,Layton
Dillon,Blowe
Philomena,Persaud
Gus,Reasoner
Mackenzie,Amaya
Drucilla,Gamez
Marvin,Sam
Coleman,Gabriele
Otis,Terpstra
Laura,Marcinkowski
Jim,Cushman
Claris,Mackinnon
Robbi,Tu
Robbyn,Leathers
Jack,Welcher
Fe,Kitzmiller
Charlotte,Goosby
Cristal,Valazquez
Hilton,Loehr
Leonila,Fortino
Millicent,Sue
Tamar,Mcgaugh
Eladia,Mullarkey
Sandie,Ebner
Adela,Aaron
Adele,Abraham
Adelgund,Achaz
Adelgunde,Achim
Adelheid,Adalbert
Adelheide,Adam
Adelina,Adelbert
Adelinde,Adelfried
Adeline,Adelhard
Adeltraud,Adi
Adeltraut,Adolf
Adina,Adolph
Adolfa,Adrian
Adolfine,Agilbert
Adriana,Agilmar
Adriane,Alban
Aenne,Albert
Agata,Albin
Agatha,Albrecht
Agathe,Alex
Agnes,Alexander
Agnieszka,Alf
Albertine,Alfhard
Albina,Alfinus
Albine,Alfons
Aleksandra,Alfred
Alena,Alfried
Alexa,Alhard
Alexandra,Allmar
Alheid,Alois
Alheide,Aloisius
Alheidis,Aloys
Alice,Aloysius
Alicia,Alphonsus
Alicja,Alrik
Alida,Altfried
Alin,Alwin
Alina,Amadeus
Alinde,Ambros
Aline,Ambrosius
Alix,Andreas
Alla,Andree
Alma,Andy
Almtrud,Annik
Almut,Anrich
Almute,Ansbert
Almuth,Anselm
Aloisia,Ansgar
Aloysia,Anton
Alrun,Antonius
Altraud,Arend
Altrud,Aribert
Alwina,Arist
Alwine,Arkadius
Amalia,Armin
Amalie,Arnbert
Amanda,Arnd
Amelie,Arndt
Amely,Arne
Amrei,Arnfred
Ana,Arnfried
Anastasia,Arnhart
Andrea,Arnim
Anemone,Arno
Aneta,Arnold
Anett,Arnolf
Anette,Arnt
Anfriede,Arnulf
Angela,Aron
Angelica,Arthur
Angelika,Artur
Angelina,Arved
Angelique,Arwed
Anica,Arwid
Anika,Arwin
Anita,Ascan
Anja,August
Anje,Augustin
Anka,Augustinus
Anke,Augustus
Ann,Axel
Anna,Baldur
Annabell,Balthasar
Annagret,Baptist
Annakatrin,Bardo
Annalena,Barnabas
Anna-Lena,Bartho
Annalene,Barthold
Annalies,Bartold
Annaliese,Bartosch
Anna-Luise,Bastian
Annamaria,Beat
Anna-Maria,Benedict
Annamarie,Benedikt
Anna-Marie,Benediktus
Annarose,Benjamin
Anne,Benno
�nne,Bernd
Annedore,Berndt
Annedoris,Bernfried
Annedorle,Bernhard
Annegold,Bernhardin
Annegret,Bernhardt
Annegrete,Bernhart
Annegreth,Berni
Anneheide,Berno
Annehild,Bernold
Annehilde,Bernulf
Annekathrin,Bernward
Anne-Kathrin,Bert
Annekatrin,Berthold
Anne-Katrin,Berti
Anneke,Bertin
Annekristin,Bertl
Annelen,Bertold
Annelene,Bertolt
Anneli,Bertram
Annelie,Bertwald
Annelies,Bertwin
Anneliese,Birk
Annelinde,Blasius
Annelise,Bodmar
Annelore,Bodo
Annelotte,Bodomar
Anneluise,Bolko
Annely,Bonifaz
Annemargret,Boris
Annemaria,Borwin
Annemarie,Botho
Anne-Marie,Boto
Annemie,Brandolf
Annemirl,Bringfried
Annerike,Bruno
Anneros,Burchard
Annerose,Burckhard
Anne-Rose,Burckhardt
Anneruth,Burgfried
Annetraud,Burghard
Annetraude,Burghardt
Annetrud,Burghart
Annetrude,Burkard
Annett,Burkardt
Annette,Burkhard
Anni,Burkhardt
Annie,Burkhart
Annika,Cai
Annina,Carl
Annita,Carlheinz
Annkathrin,Carsten
Ann-Kathrin,Caspar
Annkatrin,Cay
Anny,Cersten
Anouschka,Chris
Ansgard,Christfried
Antja,Christhard
Antje,Christhardt
Antoinette,Christhart
Antonia,Christhelm
Antonie,Christian
Antonietta,Christmut
Antonina,Christof
Anuschka,Christoph
Apollonia,Christopher
Arabella,Christopherus
Ariane,Christophorus
Arite,Christward
Arlinde,Claudius
Armgard,Claus
Arnhild,Clemens
Arntraud,Conrad
Arzu,Constantin
Aslind,Corbinian
Asta,Cord
Astrid,Cordian
Augusta,Cordt
Auguste,Cornelius
Augustine,Cornell
Aurelia,Cuno
Aynur,Curd
Ayse,Curt
Aysel,Cyrill
Ayten,Dagobert
Babett,Dagomar
Babette,Damian
Babsi,Daniel
Barbara,Dankfried
B�rbel,Dankhard
Barbi,Dankmar
Barbli,Dankward
Beata,Dankwart
Beate,Danny
Beatrice,Darius
Beatrix,David
Belina,Degenhard
Belinda,Degenhardt
Benedicta,Degenhart
Benedikta,Delf
Benita,Denis
Berenike,Dennis
Berit,Denny
Berna,Desiderius
Bernadette,Dethard
Bernadine,Detlef
Berngard,Detlev
Bernhardine,Detmar
Bernhild,Detrich
Bernhilde,Didi
Berta,Diemo
Bertfriede,Dierk
Bertha,Dietbald
Berthilde,Dietbert
Bertina,Dieter
Bertlinde,Dieterich
Bertwalda,Dietfried
Betina,Dietgar
Betti,Dietger
Bettina,Diethard
Betty,Diethardt
Bianca,Diethart
Bianka,Diethelm
Biggi,Diether
Biggy,Diethmar
Birga,Dietmar
Birge,Dietmund
Birghild,Dietolf
Birgid,Dietram
Birgit,Dietrich
Birgitt,Dietwald
Birgitta,Dietwalt
Birglinde,Dietwolf
Birke,Dietwulf
Birkhild,Dietz
Birte,Dimitri
Birthe,Dionys
Blanka,Dirk
Borka,Ditmar
Bozena,Dittmar
Branka,Dominic
Brigitta,Dominik
Brigitte,Dominikus
Bringfriede,Donat
Brit,Donatus
Brita,Eberhard
Britt,Eberhardt
Britta,Eberhart
Bruna,Eckard
Brunhild,Eckardt
Brunhilda,Eckart
Brunhilde,Eckbert
Brunhildis,Eckehard
Bruni,Eckehardt
Burga,Eckehart
Burgel,Eckert
Burghild,Eckfried
Burghilde,Eckhard
Burgis,Eckhardt
Burglind,Eckhart
Burglinde,Eckhold
Burgunda,Eddi
Burgunde,Edelbert
Burkhild,Edelfried
C�cilia,Edelhard
C�cilie,Edelmut
Camilla,Edelwald
Canan,Edgar
Caren,Edmar
Carin,Edmund
Carina,Eduard
Carla,Eduardt
Carmela,Edwin
Carmen,Egbert
Carmine,Egidius
Carola,Eginald
Carolin,Eginhard
Carolina,Eginhardt
Caroline,Egmont
Carsta,Egomar
Caterina,Egon
Catharina,Ehrenfried
Catherina,Ehrenreich
Catherine,Ehrhard
Cathleen,Ehrhardt
Cathrin,Ehrmut
Catrin,Eik
Cecilia,Eike
Celia,Einhard
Centa,Einhardt
Cersten,Eitelbert
Chantal,Eitelfritz
Charlotte,Ekhard
Christa,Ekhardt
Christamaria,Ekkard
Christa-Maria,Ekkardt
Christel,Ekkart
Christella,Ekkehard
Christfriede,Ekkehardt
Christhild,Ekkehart
Christhilde,Elbert
Christiana,Elkmar
Christiane,Elmar
Christin,Emanuel
Christina,Emeram
Christine,Emerich
Christl,Emil
Christliebe,Emmeram
Christsolde,Emmeran
Cilli,Emmerich
Cilly,Engelbert
Cindy,Engelbrecht
Cirsten,Engelhard
Claire,Engelhardt
Clara,Engelmar
Cl�re,Englbert
Clarissa,Enrico
Claudia,Erdfried
Clementine,Erdmann
Clivia,Erdwin
Clotilde,Erfried
Concetta,Erhard
Connie,Erhardt
Conny,Erhart
Constance,Eric
Constanze,Erich
Cora,Erik
Cordelia,Erk
Cordula,Erkmar
Corina,Erlfried
Corinna,Ermenfried
Corinne,Erni
Cornelia,Erno
Cosima,Ernst
Crescentia,Ernstfried
Cristina,Erwin
Cynthia,Eugen
Dagmar,Eustachius
Dahlia,Ewald
Dajana,Eyck
Damaris,Fabian
Dana,Falk
Danica,Falkhard
Daniela,Falkmar
Daniele,Falko
Danielle,Felix
Danuta,Ferdi
Daphne,Ferdinand
Daria,Ferdinandus
Debora,Ferfried
Deborah,Ferhard
Dela,Ferhart
Delia,Fidelius
Denise,Florentin
Desiree,Florentius
Diana,Florenz
Diane,Florian
Diemut,Folker
Dietburg,Folkhard
Dietgard,Folkhardt
Diethild,Folkhart
Diethilde,Folko
Dietlind,Follrich
Dietlinde,Frank
Dietmute,Frankmut
Dina,Franz
Dinah,Franziskus
Dolores,Franzl
Donata,Franzpeter
Donate,Fred
Dora,Freddy
Doraline,Freimund
Dorchen,Freimut
Dore,Freimuth
Doreen,Freiwald
Dorena,Fridolin
Dorette,Fridulf
Dorina,Fried
Doris,Friedbald
Dorit,Friedberg
Dorith,Friedbert
Doritha,Friedebert
Doritta,Friedeborn
Dorkas,Friedel
Dorle,Friedemann
Dorlies,Friedemar
Dorlinde,Frieder
Dorlis,Friedewald
Doro,Friedhard
Dorota,Friedhardt
Dorothe,Friedhart
Dorothea,Friedhelm
Dorothee,Friedhold
D�rte,Friedl
D�rthe,Friedlieb
Dragica,Friedmar
Dunja,Friedmut
Edda,Friedmuth
Edelburg,Friedolf
Edelfriede,Friedolin
Edelgard,Friedrich
Edelinde,Friedwald
Edeltraud,Friedwin
Edeltraude,Frithjof
Edeltraudt,Fritz
Edeltraut,Frohmund
Edeltrud,Frohmut
Edeltrudis,Frohwald
Edit,Frowin
Edith,Gabriel
Editha,Gangolf
Edwina,Gebhard
Edwine,Gebhart
Effi,Gelbert
Ehrengard,Georg
Ehrentraud,Gerald
Ehrentraut,Gerd
Ehrentrud,Gerdfried
Ehrentrudis,Gerdt
Eike,Gereon
Eileen,Gerfried
Ekaterina,Gerhard
Ela,Gerhardt
Elena,Gerhart
Eleni,Gerlach
Elenore,German
Eleonora,Germar
Eleonore,Germo
Elfgard,Germut
Elfgund,Gernfried
Elfi,Gernod
Elfie,Gernot
Elfrieda,Gernulf
Elfriede,Gero
Elfrun,Gerold
Elfy,Gerolf
Elgard,Gerrit
Elgine,Gert
Eli,Gerthold
Elia,Gertmund
Elif,Gertwin
Elisa,Gerwald
Elisabet,Gerwin
Elisabeth,Giesbert
Elisabetha,Gisbert
Elise,Giselbert
Elizabeth,Giselher
Elke,Gismar
Ella,Godo
Ellen,Golo
Ellengard,Gordian
Ellentraud,Goswin
Elli,Gottfried
Ellinor,Gotthard
Elly,Gotthardt
Elma,Gotthart
Elrike,Gotthelf
Elsa,Gotthilf
Elsabe,Gotthold
Elsbeth,Gottlieb
Else,Gottlob
Elselore,Gottreich
Elselotte,Gottwald
Elsemarie,Gottwaldt
Elsgard,Gottwalt
Elvira,Gregor
Elvire,Grimbert
Elwine,Guido
Elwira,Gundhard
Elzbieta,Gundhart
Emilia,Gundmar
Emilie,Gundolf
Emine,Gunfried
Emma,Gunhard
Emmaliese,Gunnar
Emmi,Gunter
Emmy,Gunthard
Engelberta,Gunther
Erdheide,Guntmar
Erdmute,Guntram
Erdmuthe,Gustav
Erica,Gustel
Erika,Gustl
Erkhild,Hadubert
Erla,Hagen
Erlgard,Haimo
Erltrud,Hanfried
Erlwine,Hannes
Ermelinde,Hanno
Ermenhild,Hanns
Erna,Hannsgeorg
Ernestine,Hannspeter
Ernstine,Hans
Ester,Hansdieter
Esther,Hansfried
Etta,Hansfriedrich
Eugenia,Hansgeorg
Eugenie,Hansgerd
Eunike,Hansheinz
Eva,Hanshelmut
Evalinde,Hanshermann
Evamaria,Hansi
Eva-Maria,Hansjakob
Evamarie,Hansjoachim
Eva-Marie,Hansjochen
Evangelia,Hanskarl
Evchen,Hansl
Evelin,Hansludwig
Evelinde,Hansmartin
Eveline,Hansotto
Evelore,Hanspeter
Evelyn,Hanswalter
Evelyne,Hanswerner
Evi,Hanswilhelm
Ewa,Hanswolf
Ewalda,Harald
Fabiane,Hardi
Fabienne,Hardo
Fadime,Hardy
Fanny,Hariolf
Fatima,Harri
Fatma,Harribert
Fee,Harro
Feli,Harry
Felicia,Hartfried
Felicitas,Hartger
Felizia,Hartlieb
Felizitas,Hartmann
Ferdinande,Hartmund
Filippina,Hartmut
Filiz,Hartmuth
Finchen,Hartwald
Fine,Hartwig
Fini,Hartwin
Flora,Hasko
Florence,Hasso
Florentine,Hatto
Florine,Haug
Framhild,Haymo
Franca,Heidebert
Francesca,Heiderich
Francoise,Heidfried
Franka,Heiko
Franzi,Heilmuth
Franziska,Heilwig
Frauke,Heimar
Frederike,Heimbert
Freia,Heimfrid
Freya,Heimhart
Frida,Heimo
Fridegund,Heimwald
Friderika,Heiner
Friderike,Heinfried
Fridoline,Heini
Frieda,Heino
Friedburg,Heinolf
Friedeborg,Heinrich
Friedeburg,Heintje
Friedegard,Heinz
Friedegund,Heinzdieter
Friedegunde,Heinzfried
Friedericke,Heinzhermann
Friederike,Heinzkarl
Friederun,Heinzpeter
Friedgard,Heinzwerner
Friedhild,Helbert
Friedhilde,Helfred
Friedl,Helfrid
Friedlenchen,Helfried
Friedlies,Helge
Friedliese,Helgert
Friedlind,Helgomar
Friedlinde,Hellfried
Friedoline,Hellmut
Friedrun,Hellmuth
Frigga,Helm
Fritzi,Helmar
Frohlinde,Helmbrecht
Frohmut,Helmfried
Frowine,Helmo
Gabi,Helmrich
Gabriela,Helmut
Gabriele,Helmuth
Gabriella,Helmward
Gaby,Helwart
Galina,Helwig
Gefion,Helwin
Genia,Hendrik
Genoveva,Henning
Georgia,Henrik
Georgine,Henry
Geraldine,Herald
Gerborg,Herbert
Gerburg,Herfried
Gerda,Herger
Gerdhild,Heribert
Gerdhilde,Herko
Gerdi,Hermann
Gerfriede,Hermfried
Gerheide,Herold
Gerhild,Herrmann
Gerhilde,Herwald
Gerlind,Herward
Gerlinda,Herwart
Gerlinde,Herwarth
Gerolda,Herwig
Gerritdina,Heyko
Gerta,Heyo
Gerthilde,Hieronimus
Gerti,Hieronymus
Gertraud,Hilar
Gertraude,Hilarius
Gertraut,Hildebert
Gertraute,Hildebrand
Gertrud,Hildemar
Gertrude,Hildmar
Gertrudis,Hilfried
Gertrudt,Hilmar
Gesa,Hippolytus
Gesche,Hoimar
Gesine,Holger
Geza,Holk
Giesela,Holm
Gieselind,Holmer
Gila,Horst
Gilda,Horstfried
Gina,Horstmar
Giovanna,Hubert
Gisa,Hubertus
Gisela,Hugo
Giselind,Humbert
Giseltraud,Ignatz
Gislind,Ignaz
Gislinde,Ilrich
Gitta,Immanuel
Gitte,Ingbert
Gitti,Ingfried
Giuseppina,Inghard
Gloria,Ingmar
Godelind,Ingo
Goldina,Ingobert
Goldine,Ingolf
Goldtraud,Ingomar
G�n�l,Ingowart
Gordana,Ingram
Gotelind,Inkmar
Gotlind,Innozenz
Gottfrieda,Ireneus
Gottfriede,Irmfried
Gottholde,Irmin
Grazyna,Irminfried
Greta,Irmo
Gretchen,Isbert
Grete,Isfried
Gretel,Isidor
Gretl,Iven
Gretlies,Ivo
Griseldis,Jacob
Grit,Jakob
Gritt,Jan
Gritta,Janfried
Gudrun,Jannick
Gudula,Jean
G�lay,Jens
G�lsen,Jo
G�lten,Joachim
Gunda,Jobst
Gundel,Jochen
Gundela,Joel
Gundemarie,Johann
Gundhild,Johannes
Gundhilde,Jonas
Gundi,Jonathan
Gundula,Jonny
Gunhild,Jons
Gunhilde,Joscha
Gunthild,Joschka
Gustel,Josef
Gusti,Joseph
Gustl,Jost
Hadburg,Josua
Hadmut,Julian
Hadmuthe,Julius
Hadumod,Jupp
Hadwig,Just
Halina,Justus
Hanife,Kai
Hanna,Kajetan
Hannah,Karl
Hannchen,Karlernst
Hanne,Karleugen
Hannegret,Karlfried
Hannelene,Karlfrieder
Hannelie,Karlfriedrich
Hanneliese,Karlgeorg
Hannelore,Karlhans
Hanne-Lore,Karlheiner
Hannelotte,Karlheinrich
Hannemarie,Karlheinz
Hannerose,Karlhorst
Hannetraud,Karli
Hanni,Karlmann
Hannmeike,Karlotto
Hanny,Karlpeter
Haralda,Karsten
Harda,Kasimir
Harriet,Kaspar
Hatice,Kay
Hedda,Kersten
Hedi,Kevin
Hedwig,Kilian
Hedy,Klaudius
Heide,Klaus
Heidegard,Klausdieter
Heidegret,Klauspeter
Heidegunde,Klemens
Heidelies,Knut
Heideliese,Knuth
Heidelind,Konrad
Heidelinde,Konradin
Heideline,Konstantin
Heidelore,Korbinian
Heidemaria,Kord
Heidemarie,Kornelius
Heide-Marie,Kristian
Heiderose,Kruno
Heidetraud,Kunibert
Heidi,Kuno
Heidrun,Kurd
Heidy,Kurt
Heike,Kurth
Heilwig,Lambert
Heimgard,Landolf
Heimtraud,Lars
Helen,Laurentius
Helena,Laurenz
Helene,Leander
Helga,Leberecht
Helgard,Lebrecht
Helgrid,Lenard
Heliane,Lenz
Hella,Leo
Hellgard,Leon
Helma,Leonhard
Helmgard,Leonhardt
Helmine,Leopold
Helmtraud,Leuthold
Helmtraut,Lewin
Helmtrud,Liborius
Helrike,Liebhard
Heltrud,Liebhardt
Henni,Lienard
Henny,Lienhard
Henri,Lienhardt
Henriette,Lindmar
Henrike,Linhart
Herlind,Lois
Herlinde,Loisl
Herma,Lorenz
Hermelinda,Lothar
Hermelinde,Louis
Hermi,Lucas
Hermine,Ludger
Herta,Ludolf
Hertha,Ludwig
Hertraud,Luitpold
Herwiga,Luitwin
Herzlinde,Lukas
Hetty,Lutz
Hilda,Maic
Hildburg,Maik
Hildburga,Malte
Hilde,Manfred
Hildeburg,Manfried
Hildegard,Manhard
Hildegardt,Manhardt
Hildegart,Manhold
Hildegund,Manuel
Hildegunde,Marbod
Hildelies,Marc
Hildelind,Marcel
Hildemarie,Marcellus
Hilderose,Marco
Hildetraud,Marcus
Hildrun,Marfried
Hildtraud,Margolf
Hilgrun,Marian
Hilma,Mario
Hiltraud,Marius
Hiltraut,Mark
Hiltrud,Marko
Hiltrude,Markolf
Hiltrun,Markus
Holdina,Markward
Holle,Markwart
Huberta,Marold
Hubertina,Martin
Hubertine,Marzel
Hulda,Marzellus
Huldine,Mathias
H�lya,Mathis
Ida,Matthias
Idamarie,Maurus
Ignatia,Max
Ignazia,Maximilian
Ildiko,Maximillian
Ilka,Maxl
Ilona,Mayk
Ilonka,Medard
Ilsa,Medardus
Ilsabe,Meik
Ilse,Meikel
Ilsedore,Meinard
Ilsefriede,Meinfried
Ilsegard,Meinhard
Ilsegret,Meinhart
Ilselore,Meinold
Ilsemarie,Meinolf
Ilseruth,Meinrad
Ilsetraud,Meinulf
Ilsetraut,Melchior
Imelda,Merten
Imke,Micha
Ina,Michael
Ines,Michel
Inga,Michl
Inge,Mike
Ingeborg,Mirco
Ingeburg,Mirko
Ingedore,Mischel
Ingelene,Moritz
Ingelies,Nathanael
Ingelinde,Neidhard
Ingelore,Neidhardt
Ingelotte,Neithard
Ingemarie,Neithart
Ingerose,Nepomuk
Ingeruth,Nick
Ingetraud,Nicki
Ingetraut,Nicky
Ingetrud,Nico
Ingolde,Nicolas
Ingrid,Nicolaus
Ingried,Niels
Ingrun,Niklas
Ingunde,Niklaus
Inka,Niko
Inken,Nikodem
Inna,Nikodemus
Insa,Nikolas
Ira,Nikolaus
Irena,Nils
Irene,Norbert
Irina,Nordfried
Iris,Norfried
Irlanda,Norman
Irma,Norwin
Irmela,Notfried
Irmelie,Notker
Irmelin,Nunzius
Irmelinde,Odilo
Irmengard,Olaf
Irmengild,Olf
Irmentraud,Oliver
Irmentraut,Olli
Irmfriede,Ornulf
Irmgard,Ortfried
Irmgarda,Ortmund
Irmgardt,Ortwin
Irmhild,Oskar
Irmhilde,Osmund
Irmi,Oswald
Irmingard,Oswin
Irmintraud,Otbert
Irmlind,Otfried
Irmlinde,Otger
Irmtraud,Otheinrich
Irmtraut,Othmar
Irmtrud,Otmar
Irmtrude,Ottfried
Isa,Otthard
Isabel,Otthart
Isabell,Otthein
Isabella,Ottheinrich
Isabelle,Ottheinz
Isedore,Otthold
Iselore,Ottkar
Isgard,Ottmar
Ishild,Otto
Ishilde,Ottobert
Ismene,Ottokar
Isolde,Ottomar
Ivana,Ottwin
Ivanka,Otwald
Ivette,Otwin
Ivonne,Pankratius
Iwona,Pankraz
Jacqueline,Pascal
Jadwiga,Patrick
Jana,Paul
Jane,Paulfried
Janet,Paulinus
Janett,Paulus
Janette,Peter
Janin,Philip
Janina,Philipp
Janine,Phillip
Janna,Phillipp
Jannine,Phillippus
Jaqueline,Pierre
Jasmin,Pirmin
Jasmina,Pius
Jeanett,Quintus
Jeanette,Quirin
Jeannette,Raik
Jeannine,Raimar
Jelena,Raimer
Jennifer,Raimond
Jenny,Raimund
Jessica,Rainald
Jessika,Rainer
Jo,Rainhard
Joana,Rainhardt
Joanna,Rainmund
Johanna,Ralf
Johanne,Ralph
Johannette,Randolf
Jolanda,Randolph
Jolande,Raphael
Jolanta,Rasso
Jolante,Raymund
Jolantha,Reginbert
Jolanthe,Reginhardt
Josefa,Reimo
Josefine,Reimund
Josepha,Reinald
Josephina,Reinar
Josephine,Reinbert
Judith,Reiner
Juditha,Reinfried
Julia,Reinhard
Juliana,Reinhardt
Juliane,Reinhart
Julie,Reinhold
Justina,Reinholdt
Justine,Reinmar
Jutta,Reino
Kareen,Reinold
Karen,Reinulf
Karena,Reinwald
Karin,Rembert
Karina,Remigius
Karla,Renald
Karola,Renatus
Karolin,Renold
Karolina,Rezzo
Karoline,Richard
Karsta,Rico
Kassandra,Rigbert
Kata,Rigo
Katalin,Rigobert
Katarina,Rimbert
Katarzyna,Ringo
K�te,Robby
Katerina,Robert
Katharina,Roberto
Katharine,Rochus
K�the,Roderich
Katherina,Roger
Kathi,Roland
K�thi,Rolf
Kathleen,Roman
Kathrein,Romanus
Kathrin,Ronald
Kathrina,Ronny
Kathrinchen,Roselius
Kathy,Rotger
Kati,Rothmund
Katja,Rouven
Katrein,Ruben
Katrin,Rudenz
Katrina,Rudger
Katy,Rudi
Kersten,Rudolf
Kerstin,Rudolph
Kira,Runald
Kirsten,Runfried
Kirstin,Rupert
Klara,Rupertus
Kl�re,Ruppert
Klarissa,Rupprecht
Klaudia,Ruprecht
Klementine,Rutger
Klothilde,Ruthard
Klothildis,Samuel
Klotilde,Sascha
Konstanze,Schorsch
Kora,Sebald
Kordelia,Sebastian
Kordula,Seibold
Korinna,Sepp
Kornelia,Seppl
Kreszentia,Sergius
Kreszenz,Severin
Kreszenzia,Sibrand
Kriemhild,Sidonius
Kriemhilde,Siegbert
Krimhild,Siegenot
Krimhilde,Siegert
Krista,Siegfrid
Kristiane,Siegfried
Kristin,Sieghard
Kristina,Sieghardt
Kristine,Sieghart
Krystyna,Sieghelm
Kunigunda,Siegmar
Kunigunde,Siegmund
Kyra,Siegulf
Laila,Siegwald
Lara,Siegward
Larissa,Siegwart
Laura,Sigbert
Lea,Sigenot
Leila,Sigfrid
Lena,Sigfried
Lene,Siggi
Leni,Sighard
Lenore,Sighart
Leokadia,Sighelm
Leongard,Sigi
Leonharda,Sigisbert
Leoni,Sigishelm
Leonie,Sigismund
Leonore,Sigmar
Leopoldina,Sigmund
Leopoldine,Sigmut
Lerke,Sigolf
Leyla,Sigurd
Lia,Sigward
Liane,Sigwart
Lidia,Silvester
Lidija,Silvio
Lidwina,Simon
Liebgard,Simpert
Liebgunde,Sixtus
Liesa,Sonnfried
Liesbeth,Sonnhard
Lieschen,Sonnhardt
Liesegret,Stanislaus
Liesel,Stefan
Lieselene,Steff
Lieselore,Steffan
Lieselotte,Steffen
Liesgret,Steph
Liesl,Stephan
Lili,Stephanus
Lilia,Steve
Lilian,Steven
Liliana,Sturmhard
Liliane,Sturmius
Lilibeth,Sven
Lilija,Swen
Lilli,Sylvester
Lilly,Sylvio
Lilo,Sylvius
Lily,Tankred
Lina,Tassilo
Linda,Tell
Linde,Thankmar
Lindemarie,Thassilo
Lindhilde,Theo
Linhilde,Theobald
Lintrud,Theobert
Lioba,Theodor
Lisa,Theofried
Lisanne,Theohold
Lisbeth,Theophil
Lise,Theophilus
Lisel,Thielo
Liselore,Thiemo
Liselotte,Thilo
Lisette,Thomas
Lisl,Thoralf
Lissi,Thorsten
Lissy,Tiberius
Ljiljana,Tiburtius
Ljubica,Tiemo
Ljudmila,Til
Lona,Till
Loni,Tillmann
Lore,Tilman
Lorelies,Tilmann
Loreliese,Tilo
Loremarie,Tim
Loretta,Timmo
Lotte,Timo
Lottelore,Timon
Lottemaria,Timotheus
Lotti,Tino
Louise,Titus
Lucia,Tobias
Lucie,Tom
Ludmila,Tommy
Ludmilla,Toni
Ludwiga,Tony
Ludwina,Toralf
Luisa,Torben
Luise,Torge
Luitgard,Torsten
Luitgart,Traugott
Luka,Trauhard
Luzia,Treufried
Luzie,Treuhard
Lydia,Treuhart
Lysann,Tristan
Madeleine,Trudbert
Madita,Trutz
Madleine,Udo
Madlen,Ulf
Magarete,Ulfried
Magda,Uli
Magdalena,Ulli
Magdalene,Ullrich
Magret,Ulrich
Magrit,Ulvi
Maike,Ulwin
Maja,Uranius
Maleen,Urban
Malgorzata,Ursus
Malve,Utho
Malwine,Uto
Mandy,Utto
Mania,Utz
Manja,Uve
Manuela,Uwe
Mara,Valentin
Marcella,Valerian
Mareen,Veit
Marei,Veith
Mareike,Velten
Mareile,Viktor
Maren,Vincenz
Marena,Vinzent
Marfriede,Vinzenz
Marga,Vitalis
Margaret,Vitus
Margareta,Volkard
Margarete,Volkart
Margareth,Volkbert
Margaretha,Volker
Margarethe,Volkhard
Margarita,Volkhardt
Margaritta,Volkhart
Margit,Volkher
Margita,Volkmar
Margitta,Volkrad
Margitte,Volkward
Margot,Volkwart
Margret,Vollrath
Margreth,Volrad
Margrid,Walbert
Margrit,Waldemar
Margund,Waldfried
Margunde,Walfried
Marhild,Walter
Maria,Walther
Maria-Luise,Walti
Mariana,Warnfried
Marianna,Wastl
Marianne,Wedig
Maria-Theresia,Wedigo
Marica,Weikhard
Marie,Welf
Mariechen,Welfhard
Mariedore,Wendel
Mariegret,Wendelin
Mariele,Wendelinus
Marielene,Wendemar
Marielies,Wennemar
Marieliese,Wenzel
Marielouise,Werner
Marie-Louise,Wernfried
Marieluise,Wernhard
Marie-Luise,Wernher
Marietheres,Wichard
Marie-Theres,Wido
Marie-Therese,Wiegand
Marietraud,Wiegbert
Marietta,Wieghart
Marija,Wieland
Marika,Wiethold
Marilen,Wigand
Marilene,Wigbert
Marilu,Wiglaf
Marina,Wilbert
Marinette,Wilbrand
Mariola,Wilbrandt
Marion,Wilderich
Marisa,Wilfrid
Marit,Wilfried
Marita,Wilhard
Maritta,Wilhardt
Marjan,Wilhelm
Marleen,Willehad
Marlen,Willhart
Marlene,Willi
Marli,Willibald
Marlies,Willibert
Marliese,Willmar
Marlinde,Willrich
Marlis,Willy
Marlit,Wilmar
Marlitt,Wilmhard
Marta,Wilmut
Martha,Winand
Martina,Winfrid
Martine,Winfried
Martrud,Wingolf
Mary,Winnimar
Marzena,Winrich
Mathilde,Withold
Maxi,Witmar
Maxie,Wittmar
Maximiliane,Wladislaus
Maya,Woldemar
Mechthild,Wolf
Mechthilde,Wolfbert
Mechtild,Wolfdieter
Mechtilde,Wolfdietrich
Meike,Wolfeckart
Meinfriede,Wolff
Melanie,Wolfgang
Melinda,Wolfhard
Melisande,Wolfhardt
Melissa,Wolfhart
Melita,Wolfhelm
Melitta,Wolfhermann
Meral,Wolfmar
Mercedes,Wolfram
Merlind,Wolfrid
Merlinde,Wolfried
Meryem,Wolrad
Meta,Wulf
Mia,Wulfhard
Michaela,Wulfhardt
Michaele,Wunibald
Michelle,Wunnibald
Milena,Xaver
Milica,Xaverius
Milka,York
Milli,Zacharias
Mina,Zeno
Minna,Pauly
Mira,Kreutzer
Mirella,Ha�
Miriam,Hauschild
Mirja,Hillmann
Mirjam,Pfau
Mirjana,Strack
Miroslawa,Eberhard
Mona,Preis
Monica,Kaya
Monika,Willms
Monique,Tietze
Monja,Guth
Muthild,Buchwald
Myriam,Willems
Myrjam,R�hl
Myrta,Fu�
Nada,Hartig
Nadeschda,W�nsch
Nadeshda,Huck
Nadia,Reschke
Nadin,Reith
Nadine,Jentsch
Nadja,Speck
Nancy,H�u�ler
Nanni,Rotter
Natali,Schuldt
Natalia,Martini
Natalie,Kretschmann
Natalija,Geppert
Natalja,L�sch
Natascha,Bloch
Nathalie,Koslowski
Nelli,Georg
Nelly,Sahin
Nermin,Geist
Nevenka,Pagel
Nicola,Rosenberg
Nicole,Frings
Nikola,Semmler
Nina,Hilger
Noa,G�nter
Nora,Dahm
Nordrun,Drees
Norma,Hauptmann
Nortrud,Leopold
Nortrun,Wunder
Notburg,Kre�
Notburga,Lipp
Nuran,Best
Nuray,Wendland
Nurten,Landwehr
Oda,Melcher
Olav,Gr�fe
Olena,B�uerle
Olga,Laube
Olinde,Hauer
Olivia,Kaul
Ortraud,Hackl
Ortrud,Mahr
Ortrun,Ludewig
Oslinde,Feil
Otti,Engelbrecht
Ottilia,Eich
Ottilie,Grunert
Oxana,Veith
Pamela,Bruder
Paola,Nitzsche
Pascale,Knopf
Patricia,Schlichting
Patrizia,Salomon
Paula,Bork
Paulina,Hilbert
Pauline,Arendt
Peggy,Dirks
Petra,Blanke
Philine,Droste
Philipine,Strunk
Philomena,Traub
Pia,Theobald
Poldi,Eger
Polina,Krauss
Priska,List
Rabea,J�kel
Radegundis,Zobel
Radmila,Carstensen
Rahel,Stocker
Raimunde,Schiemann
Raingardis,Neufeld
Raisa,Czech
Raissa,Brauner
Ramona,Wick
Raphaela,Peschel
Rathgunde,Rettig
Rauthgundis,L�we
Rebecca,Suhr
Rebecka,Grewe
Rebekka,Holler
Regelinde,Scheid
Regelindis,Ruhland
Regina,Reindl
Regine,Ritz
Reglind,Grebe
Reglindis,Koop
Reinburga,Esch
Reinfriede,Meixner
Reingard,Brock
Reinhardine,Schall
Reinhild,Rottmann
Reinhilde,Reusch
Reinhildis,Donner
Reinholdine,Fischbach
Reinlinde,Kehl
Reintraud,Diedrich
Reintraut,B�hler
Relindis,Ramm
Rena,Theisen
Renata,Sandner
Renate,Pfl�ger
Reni,Buch
Renilde,Hof
Reny,Scherf
Resel,Henne
Resi,Feller
Resie,R�del
Resilotte,Munz
Rhiane,H�nsel
Ria,Sandmann
Riana,Schwaiger
Ribana,Herzig
Ricarda,Ross
Richarda,Sch�nemann
Richardis,Dahl
Rilana,Zeh
Rita,K�hner
Romana,Kasten
Romi,B�cker
Rommy,Rickert
Romy,D�rfler
Rosa,Euler
Rosalia,Neumaier
Rosalie,Menz
Rosalinde,Jobst
Rosa-Maria,Rie�
Rosamarie,Kersting
Rose,Thamm
Rosegret,Knappe
Rosegunde,Gericke
Rosehilde,Wanner
Rosel,Kupfer
Roselene,Teuber
Roselette,G�rtz
Roselies,Wunsch
Roseliese,Thiede
Roselind,Kirsten
Roselinde,Schiele
Roseline,Bolte
Roselore,Kleber
Roselotte,Gerhards
Rosely,Molitor
Rosemaria,Heid
Rosemarie,H�gele
Rose-Marie,Kiesel
Rosemie,Heckel
Rosetraut,Rusch
Rosi,Behrend
Rosie,Mattes
Rosina,Demir
Rosita,Abele
Rositta,R�ttger
Rosl,Johann
Roslinda,Hug
Roslinde,Baldauf
Rosmarie,Schoch
Roswita,Heigl
Roswitha,Bl�mel
Rotraud,Dr�ger
Rotraut,Paschke
Rudolfina,Peschke
Runhild,Jungmann
Ruth,Hell
Ruthild,Glas
Ruthilde,Staudt
Sabina,Ulmer
Sabinchen,Wiedmann
Sabine,Schroth
Sabrina,Reu�
Sabrine,Flohr
Sahra,Dorsch
Samira,Werth
Sandra,Reichenbach
Sandy,Zenker
Sanna,Wohlgemuth
Sara,Simons
Sarah,Celik
Sarina,Steinhauer
Saskia,Eickhoff
Scholastika,Kratzer
Schwanhild,Hasse
Selina,Wiemann
Selma,Walker
Semra,Drewes
Senta,Helms
Serafine,Nowack
Serpil,Montag
Sevim,D�rner
Sibel,Pesch
Sibilla,Weimann
Sibille,T�rk
Sibyl,Titze
Sibylla,Stroh
Sibylle,H�rner
Sidonie,Brecht
Siegberta,Althoff
Siegbritta,Barz
Siegfrieda,Steinhoff
Siegfriede,Jessen
Siegharda,Scholze
Sieghild,Gr�nwald
Sieghilde,Kaden
Sieglind,Faller
Sieglinde,W�nsche
Siegrid,Reuther
Siegried,H�nig
Siegrun,Mair
Siegtraud,J�rg
Siggi,M�hring
Sighild,Haak
Sighilde,Mehl
Sigi,Grohmann
Siglind,Gerth
Siglinde,W�lfel
Sigrid,Dammann
Sigrun,Schupp
Sigtraud,Schad
Sigtrud,Markus
Sigunde,Hilgers
Sigune,Blaschke
Silja,Rosenbaum
Silke,Borgmann
Silva,Leicht
Silvana,Eichinger
Silvia,L�ders
Simona,Frese
Simone,Wrede
Simperta,Linde
Sina,H�pfner
Sinaida,Kube
Sindy,Nestler
Siska,Joos
Sissy,Penner
Slavica,Lieb
Sofia,Schaal
Sofie,Drechsel
Solveig,Kessel
Song�l,Seiffert
Sonia,Bellmann
Sonja,Stolze
Sonngard,Ruff
Sonnhild,Weinberger
Sonnhilde,Schuck
Sophia,Rummel
Sophie,Seel
Stefani,Sonnenberg
Stefania,H�ttner
Stefanie,Schmidbauer
Steffi,Neff
Steffie,Klement
Stella,Wittke
Stephania,Schmiedel
Stephanie,Liebscher
Stilla,Bogner
Sunhild,Erhard
Susan,Burkert
Susana,Boll
Susann,Stehle
Susanna,Krings
Susanne,Baumbach
Suse,Sch�ning
Susen,Kohlmann
Susette,Schwarzkopf
Susi,Schaffer
Suzanne,Mehnert
Svea,Kreft
Svenja,Schreiter
Svetlana,Junghans
Swanhild,Hilpert
Swanhilde,Althaus
Swantje,Messerschmidt
Swetlana,Marten
Sybil,Haake
Sybill,Rech
Sybilla,B�se
Sybille,Panzer
Sylke,Schlicht
Sylvana,H�fler
Sylvelin,K�ppen
Sylvia,Eberlein
Sylvie,Schillinger
Sylwia,Falke
Tabea,Klos
Tamara,Belz
Tania,Michalski
Tanja,Borowski
Tatiana,Pott
Tatjana,Loose
Telse,Mauer
Teresa,Kurtz
Thea,Taubert
Theda,Heindl
Thekla,Mock
Theobalda,Krull
Theodeline,Hammerschmidt
Theodolinde,Hahne
Theodora,Bickel
Theodore,Rautenberg
Theolinde,Koll
Theres,H�hnel
Theresa,G�pfert
Therese,K�chler
Theresia,St�ckl
Thilde,Goller
Thurid,Korb
Thusnelda,S�llner
Tilla,Hornig
Tilli,Dressel
Tilly,Wuttke
Tina,Schiefer
Traude,Heinzelmann
Traudel,Rank
Traudi,Staab
Traudl,Wiebe
Traudlinde,Holtz
Trautchen,Richert
Traute,Frerichs
Trauthilde,Flemming
Trautlind,Hepp
Trautlinde,Both
Trinchen,Degenhardt
Trixi,Lippmann
Trude,Utz
Trudel,Kittel
Trudi,Eckl
T�lay,Yildirim
T�rkan,Schmied
Ula,K�pke
Ulfrida,Gei�
Ulla,Dohmen
Ulrike,Zielinski
Undine,Kautz
Unette,Burmester
Urda,Bluhm
Ursel,Krone
Ursl,Thiem
Ursula,Kindler
Ursulina,Potthoff
Urszula,Mueller
Urta,Bell
Urte,Aydin
Urthe,Straube
Uschi,Klar
Uta,Riegel
Ute,Reichmann
Utta,Kluth
Valentina,Dittmer
Valentine,Welzel
Valeri,K�mmel
Valeria,Holland
Valerie,B�cker
Valeska,Imhof
Vanessa,Lewandowski
Vera,Beckert
Verena,Schreyer
Verona,Ehret
Veronica,Ruppel
Veronika,Kaczmarek
Veronique,Wiegmann
Vesna,Feige
Victoria,Tr�ger
Viktoria,Buss
Viola,Brugger
Violetta,Assmann
Virginia,Olschewski
Viviane,Meinert
Vreneli,Gundlach
Vreni,Zacharias
Vroni,Stra�er
Walburg,Risse
Walburga,Pauls
Walda,Heins
Waldburga,Stelter
Waldburgis,Speer
Waldfriede,Bier
Waldtraud,Teske
Waldtraut,Knebel
Walentina,Hufnagel
Walfriede,Mewes
Walli,Windisch
Wally,Warnke
Waltraud,Frost
Waltraut,Volkmer
Waltrud,Schwind
Waltrude,Reisinger
Waltrudis,Debus
Wanda,Bopp
Wencke,Schill
Wendela,Bley
Wendelgard,Mischke
Wendelin,B�hnke
Wendeline,Meinecke
Wenke,Flach
Wera,G�nzel
Werngard,Klier
Wernhild,Bausch
Wibke,Teufel
Wiebke,Br�hl
Wilfriede,Schulthei�
Wilgard,Oehler
Wilhelma,Hallmann
Wilhelmine,Stich
Wilja,Meisel
Willma,Krumm
Wilma,H�nel
Wiltraud,Rathmann
Wiltraut,Leistner
Wiltrud,Domke
Wiltrude,Sigl
Wiltrudis,Wenk
Winfriede,Weigert
Wintrud,Laue
Witta,Schlecht
Wolfgard,Reiners
Wolfhilde,Krenz
Xenia,Baer
Yasemin,Kirstein
Yasmin,Bu�mann
Yvette,Ganz
Yvonne,R�ssler
Zdenka,Dietzel
Zehra,Karsten
Zenta,Sch�fers
Zenzi,B�ckmann
Zeynep,P�hlmann
Zilli,Kampmann
Zita,Yildiz
Zofia,Borrmann
M�ller,K�hler
Schmidt,Kettner
Schneider,Kollmann
Fischer,Platz
Weber,Feist
Meyer,Weyer
Wagner,Oldenburg
Becker,Niehaus
Schulz,K�lbl
Hoffmann,Weinzierl
Sch�fer,Gutsche
Bauer,Dressler
Koch,Zuber
Richter,Buhr
Klein,Garbe
Wolf,Swoboda
Schr�der,Moos
Neumann,Kr�ner
Schwarz,Holzner
Braun,Abt
Hofmann,Reichl
Zimmermann,Nielsen
Schmitt,Schanz
Hartmann,Pollmann
Kr�ger,Hipp
Schmid,Schimmel
Werner,Thielen
Lange,Schultheis
Schmitz,Nebel
Meier,Steininger
Krause,J�rgensen
Maier,Zinke
Lehmann,Behringer
Huber,Wald
Mayer,Matzke
Herrmann,Stiegler
K�hler,Schmuck
Walter,Dobler
K�nig,B�rkle
Schulze,Rasche
Fuchs,Eller
Kaiser,Bade
Lang,Stenger
Wei�,Knuth
Peters,Seufert
Scholz,Jehle
Jung,Sa�
M�ller,Roller
Hahn,Taube
Keller,Linnemann
Vogel,Neuner
Schubert,Neuber
Roth,Mathes
Frank,Fetzer
Friedrich,R�hr
Beck,Knauf
G�nther,Holstein
Berger,Haufe
Winkler,Fleckenstein
Lorenz,Risch
Baumann,Philippi
Schuster,Merker
Kraus,Kerber
B�hm,Weitzel
Simon,Scheuer
Franke,Klenk
Albrecht,Keppler
Winter,�zdemir
Ludwig,Ostermeier
Martin,Tesch
Kr�mer,Steck
Schumacher,Knoop
Vogt,Kircher
J�ger,Ehmann
Stein,Knoblauch
Otto,�zt�rk
Gro�,R�hle
Sommer,Koopmann
Haas,Leuschner
Graf,Laufer
Heinrich,Schorn
Seidel,Friebe
Schreiber,Mark
Ziegler,Knabe
Brandt,Leber
Kuhn,Lauber
Schulte,St�rmer
Dietrich,Putz
K�hn,N�gele
Engel,Meiners
Pohl,Weidlich
Horn,P�schel
Sauer,Beermann
Arnold,Sippel
Thomas,Schalk
Bergmann,Reger
Busch,Heumann
Pfeiffer,Stang
Voigt,Z�hlke
G�tz,Milde
Seifert,Kindermann
Lindner,Weing�rtner
Ernst,Harnisch
H�bner,Groll
Kramer,Waibel
Franz,Grosch
Beyer,Priebe
Wolff,Wellmann
Peter,Marek
Jansen,Freier
Kern,Schie�l
Barth,Kelm
Wenzel,Hetzel
Hermann,Langen
Ott,Kusch
Paul,Hild
Riedel,Grosser
Wilhelm,Fehr
Hansen,Ge�ner
Nagel,Bruch
Grimm,Bohne
Lenz,Duda
Ritter,Tewes
Bock,Stockmann
Langer,Roscher
Kaufmann,Sievert
Mohr,Deckert
F�rster,Bethke
Zimmer,Kirch
Haase,Kraemer
Lutz,G�rtler
Kruse,Sperber
Jahn,Valentin
Schumann,R�ter
Fiedler,Lippold
Thiel,Beil
Hoppe,Schorr
Kraft,Kind
Michel,Ziemann
Marx,Wiechmann
Fritz,Schuchardt
Arndt,Kuntz
Eckert,Burkart
Sch�tz,Holtmann
Walther,Welker
Petersen,Leipold
Berg,Kistner
Schindler,Kaspar
Kunz,Griese
Reuter,Schimpf
Sander,Schier
Schilling,Lenzen
Reinhardt,Polster
Frey,Wichert
Ebert,Klumpp
B�ttcher,Hintze
Thiele,Staiger
Gruber,Gabel
Schramm,Balke
Hein,Severin
Bayer,Kipp
Fr�hlich,Dogan
Vo�,Hintz
Herzog,Stecher
Hesse,Meindl
Maurer,Pflug
Rudolph,Lamm
Nowak,Witzel
Geiger,Thaler
Beckmann,Rumpf
Kunze,Demuth
Seitz,Plank
Stephan,Pick
B�ttner,Obermaier
Bender,Kloos
G�rtner,Deutschmann
Bachmann,Bongartz
Behrens,Biehl
Scherer,L�ser
Adam,Teschner
Stahl,Roloff
Steiner,Kahlert
Kurz,Lietz
Dietz,Distler
Brunner,Breitenbach
Witt,Thoms
Moser,Kloss
Fink,Hutter
Ullrich,Gaiser
Kirchner,Pichler
L�ffler,Krahl
Heinz,Brink
Schultz,Spielmann
Ulrich,Seibt
Reichert,Kunath
Schwab,St�ber
Breuer,Zellner
Gerlach,Scholten
Brinkmann,Reinartz
G�bel,Ihle
Blum,Wernicke
Brand,Kirschbaum
Naumann,Moldenhauer
Stark,Schuch
Wirth,Hansmann
Schenk,Burkard
Binder,Back
K�rner,Bitter
Schl�ter,Licht
Rieger,Kapp
Urban,Stracke
B�hme,Heinisch
Jakob,Grossmann
Schr�ter,Weichert
Krebs,Sutter
Wegner,Matt
Heller,Hielscher
Kopp,Clasen
Link,Adolph
Wittmann,Steinbrecher
Unger,Kothe
Reimann,Hey
Ackermann,Grill
Hirsch,Br�mmer
Schiller,Voit
D�ring,Vater
May,Fuhr
Bruns,Eisenmann
Wendt,Storz
Wolter,Herwig
Menzel,Nordmann
Pfeifer,George
Sturm,Kappes
Buchholz,Beutel
Rose,Stender
Mei�ner,Kl�ckner
Janssen,Angerer
Bach,Kast
Engelhardt,Fl�gel
Bischoff,Gold
Bartsch,Steinberger
John,Heyne
Kohl,Handke
Kolb,Brose
M�nch,Stolte
Vetter,Lutter
Hildebrandt,Roll
Renner,Kalb
Weiss,Spangenberg
Kiefer,Ilg
Rau,Behrends
Hinz,Daub
Wilke,R�ther
Gebhardt,Goldschmidt
Siebert,Rinke
Baier,Menge
K�ster,Greif
Rohde,Wehrle
Will,Riese
Fricke,Pries
Freitag,Lambrecht
Nickel,Gerling
Reich,Michl
Funk,Emrich
Linke,Jentzsch
Keil,Sorg
Hennig,Hundt
Witte,Kamm
Stoll,Holzinger
Schreiner,Wohlfahrt
Held,Knittel
Noack,Freyer
Br�ckner,Wedel
Decker,M�nch
Neubauer,Offermann
Westphal,Schaarschmidt
Heinze,Kaufhold
Baum,Wurster
Sch�n,Tetzlaff
Wimmer,Schug
Marquardt,K�llner
Stadler,Pfisterer
Schlegel,Salewski
Kremer,Schnelle
Ahrens,Ertel
Hammer,Thom
R�der,Klo�
Pieper,Epp
Kirsch,Friedmann
Fuhrmann,Fenske
Henning,Rehberg
Krug,Knaus
Popp,Gr�ber
Conrad,Wittenberg
Karl,Plate
Krieger,Mittag
Mann,Junk
Wiedemann,Strube
Lemke,M�der
Erdmann,K�hne
Mertens,B�umer
He�,Maschke
Esser,Kuschel
Hanke,Kerner
Strau�,Herter
